{"accuracy": [0.8636460900306702, 0.9353581070899963, 0.9491286873817444, 0.9571520090103149, 0.9625862240791321], "loss": [0.4526968002319336, 0.20898912847042084, 0.1655655801296234, 0.14024658501148224, 0.12295133620500565], "val_accuracy": [0.9229456186294556, 0.9319940805435181, 0.9483268857002258, 0.9518552422523499, 0.9477577805519104], "val_loss": [0.23760037124156952, 0.2222372442483902, 0.16529256105422974, 0.17068646848201752, 0.2088887095451355], "learning_rate": [0.0010000000474974513, 0.0010000000474974513, 0.0010000000474974513, 0.0010000000474974513, 0.0010000000474974513]}